text	label
CAVE:	preamble
ULCUSKRANKHEIT, Allergie auf DoloPosterine, AMOXICILLIN	patienthistorysection
Anamnese:	anamnesissection
"    Übliche Kinderkrankheiten, in der Kindheit Nierenerkrankung (?), sonst in früheren Jahren keine wesentlichen Vorerkrankungen."	patienthistorysection
"    1955 Appendektomie"	patienthistorysection
"    1956 TE"	patienthistorysection
"    1968 OP einer Pericardcyste"	patienthistorysection
"    Seit 1989 Hypertonie und latente Hypothyreose."	patienthistorysection
"    1989 Ulcus duodeni."	patienthistorysection
"    1977 und 1993 Polypektomie im Colon deszendens, Kontroll-Coloskopie 3/99 o. B."	patienthistorysection
"    11/01 kleiner Mediateilinfarkt re. unklarer Ätiologie."	patienthistorysection
"    Seit Jahren Descensus uteri et vaginae."	patienthistorysection
"    Hallux valgus li."	patienthistorysection
"    Patelladysplasie Typ Wibert II. li."	patienthistorysection
"    6/02 Arthroskopie re. Knie."	patienthistorysection
"    9/03 Koloskopie mit Resektion eines Polypen im Colon ascendens."	patienthistorysection
"    1/2005 ED eines Bandscheibenprolaps L3/4 und einer Spinalkanalstenose L4/5."	patienthistorysection
"    5/2005 distale Radiusfraktur li. mit distaler Ulnafraktur. Versorgung mittels Platte und K-Draht."	patienthistorysection
"    Seit 11/2005 manifester Diabetes mellitus Typ II."	patienthistorysection
"    9/2006 Polypektomie Colon deszendens, sonst Koloskopie o. B."	patienthistorysection
"    12/2008 Kontrollcoronarangiographie ohne akut interventionsbedürftigen Befund."	patienthistorysection
"    1/2010 Kontrollkoloskopie, Abtragung von zwei Polypenknospen."	patienthistorysection
"    04/2011 OP bei hochgradiger Spinalkanalstenose abgelehnt"	patienthistorysection
"    5/2011 therapeutische LA lumbal erfolgreich"	patienthistorysection
"    8/2011 mikrochirurgische Erweiterung WK LWK 1/2 bis 4/5."	patienthistorysection
"    11/2011 NPP L4/5: konservativ."	patienthistorysection
"    12/2011 Distorsion OSG re."	patienthistorysection
"    1/2012 vaginale Hysterektomie bei Uterus myomatosus."	patienthistorysection
"    3/2012 ED einer mittelschweren Coxarthrose re."	patienthistorysection
"    06/2012 bei initialem V. a. dementielle Entwicklung Ausschluss NPH oder cerebale Raumforderung (CT)."	patienthistorysection
"    9/2012 erneute Nukleotomie mit Spondylodese L4/5"	patienthistorysection
Dauerdiagnosen:	patienthistorysection
"    Diabetes mellitus – gesichert –"	patienthistorysection
"    Depressive Episode"	patienthistorysection
"    Hypertonie"	patienthistorysection
"    Nicht näher bezeichnete Hämaturie"	patienthistorysection
"    Lumboischialgie"	patienthistorysection
"    Zust. nach Hirninfarkt nicht näher bezeichnet re."	patienthistorysection
"    Hypothyreose nicht näher bezeichnet"	patienthistorysection
"    Koronare Herzkrankheit"	patienthistorysection
"    Jodmangelbedingte mehrknotige Struma endemisch"	patienthistorysection
"    Chronisches Schmerzsyndrom"	patienthistorysection
"    Spinalkanalstenose: Lumbalbereich"	patienthistorysection
"    Varicosis bds."	patienthistorysection
"    Sonstige sekundäre Koxarthrose re."	patienthistorysection
"    Drop Attacks"	patienthistorysection
Dauermedikation	admissionmedicationsection
"	Morgens 	Mittags 	Abends 	zur Nacht"	admissionmedicationsection
"Bisoprolol 	1 			"	admissionmedicationsection
"ASS 100 		1 		"	admissionmedicationsection
"Allopurinol 300 	1 			"	admissionmedicationsection
"Amitriptylin 75 			1 	"	admissionmedicationsection
"Jodid 200 	1 			"	admissionmedicationsection
"Simvastatin 40 			½ 	"	admissionmedicationsection
Letzte Änderung am: 13.11.2012	medicationsection
Kontrolluntersuch	therapy
HZV-DAK	therapy
DMP Diabetes mellitus	therapy
Impfungen:	medicationduringstaysection
"Datum 	Art 	Chargennummer"	medicationduringstaysection
"19.2.13 	Td-pur Impfung (Tetanol/Diphterie). 	063311A (D)"	medicationduringstaysection
"8.11.02 	Pneumopur i.m. 	HP27610 (D)"	medicationduringstaysection
"24.3.00 	2. Havrix 1440 i.m. 	VHA604C6 (St)"	medicationduringstaysection
"23.9.99 	1. Havrix 1440 i.m. 	VHA551B6 "	medicationduringstaysection
